,open,high,low,close,volume
2015-05-15,608.29,613.42,591.49,592.92,2200234.0
2015-05-18,595.69,604.51,591.33,602.2,1553626.0
2015-05-19,602.17,612.81,591.35,601.27,2232416.0
2015-05-20,607.8,621.23,572.76,577.59,8739096.0
2015-05-21,577.59,583.96,568.15,579.81,4065708.0
2015-05-22,584.01,584.01,564.9,571.06,2713202.0
2015-05-25,570.01,587.74,567.0,585.17,3406034.0
2015-05-26,590.0,597.09,583.94,595.46,3896440.0
2015-05-27,592.1,594.69,575.28,578.08,3495254.0
2015-05-28,579.6,580.62,561.12,564.16,4037026.0
2015-05-29,564.81,588.65,560.03,574.49,20421386.0
2015-06-01,570.71,573.3,563.08,566.35,1953940.0
2015-06-02,566.72,578.43,557.25,564.09,1768270.0
2015-06-03,564.48,568.1,549.53,555.69,1971634.0
2015-06-04,555.13,563.01,543.49,558.98,2191836.0
2015-06-05,551.84,558.7,548.86,553.33,1785542.0
2015-06-08,554.59,554.85,535.77,538.27,1703514.0
2015-06-09,535.05,536.91,468.81,510.79,7781618.0
2015-06-10,510.93,535.52,510.93,533.02,2166354.0
2015-06-11,534.12,540.95,511.21,515.11,2265876.0
2015-06-12,515.46,520.68,504.38,516.74,1576490.0
2015-06-15,520.56,525.46,502.44,505.57,1611372.0
2015-06-16,509.86,513.96,501.0,510.21,1323756.0
2015-06-17,513.59,524.76,504.73,521.68,1969292.0
2015-06-18,524.79,528.75,515.25,517.18,1329284.0
2015-06-19,521.85,529.45,515.69,526.07,1700766.0
2015-06-22,526.44,533.18,520.4,530.85,1595344.0
2015-06-23,533.18,541.11,528.98,532.39,1291734.0
2015-06-24,533.65,535.24,519.91,522.92,1477124.0
2015-06-25,517.79,532.69,515.92,528.45,1968236.0
2015-06-26,525.72,534.12,517.81,520.35,1462656.0
2015-06-29,497.03,502.16,478.98,499.43,2441282.0
2015-06-30,502.86,502.86,491.43,495.98,2630564.0
2015-07-01,495.02,520.49,493.23,517.09,1816088.0
2015-07-02,519.63,525.58,511.72,521.47,1229880.0
2015-07-03,524.69,524.69,499.18,501.25,1989068.0
2015-07-06,480.47,512.38,476.39,509.16,2601786.0
2015-07-07,510.79,512.56,496.8,500.46,1680182.0
2015-07-08,495.63,504.91,485.67,492.53,1899612.0
2015-07-09,497.73,505.52,493.53,501.07,1511718.0
2015-07-10,503.7,506.85,496.33,499.83,1668424.0
2015-07-13,502.12,525.72,496.91,524.09,2098648.0
2015-07-14,526.65,526.65,510.05,513.5,1211070.0
2015-07-15,516.83,525.67,514.24,516.41,1639222.0
2015-07-16,519.89,531.18,519.16,526.79,1609360.0
2015-07-17,528.98,533.86,523.48,527.86,1321586.0
2015-07-20,533.84,533.84,518.65,523.05,782962.0
2015-07-21,524.67,526.13,506.33,511.92,1041082.0
2015-07-22,510.66,521.14,506.59,514.96,1230010.0
2015-07-23,516.77,525.7,513.05,522.03,860970.0
2015-07-24,523.35,527.96,515.83,521.35,776228.0
2015-07-27,518.13,525.82,508.47,519.97,1264112.0
2015-07-28,520.53,524.5,511.83,515.31,1013304.0
2015-07-29,515.36,521.73,509.9,520.25,958946.0
2015-07-30,524.29,533.3,519.82,521.89,1729928.0
2015-07-31,523.35,541.69,523.35,539.74,1517054.0
2015-08-03,541.45,563.79,531.34,547.92,4859680.0
2015-08-04,551.61,561.39,543.36,553.49,2393532.0
2015-08-05,557.68,586.83,555.61,584.76,3549322.0
2015-08-06,587.49,587.49,571.45,579.26,1514564.0
2015-08-07,579.78,591.18,572.21,574.93,1420420.0
2015-08-10,576.02,581.85,566.61,571.55,995122.0
2015-08-11,573.57,575.97,563.32,564.99,1331496.0
2015-08-12,562.38,564.17,545.0,548.48,1017454.0
2015-08-13,550.2,561.74,541.1,546.32,1276774.0
2015-08-14,551.96,578.77,545.54,576.27,1495666.0
2015-08-17,577.43,589.84,567.03,586.12,1982740.0
2015-08-18,591.06,600.84,584.9,589.58,2454128.0
2015-08-19,588.33,606.11,587.77,602.25,2048096.0
2015-08-20,601.88,607.99,588.1,592.71,2008704.0
2015-08-21,582.55,587.77,568.02,573.57,1529444.0
2015-08-24,540.75,561.91,510.65,525.65,2761002.0
2015-08-25,526.08,561.44,513.71,547.52,1724430.0
2015-08-26,547.33,552.01,509.71,520.95,1416016.0
2015-08-27,538.4,562.57,531.34,554.74,1573242.0
2015-08-28,558.95,564.21,550.86,556.12,1426222.0
2015-08-31,551.56,562.38,545.97,549.17,1661026.0
2015-09-01,540.75,552.03,519.59,531.77,1401390.0
2015-09-02,535.58,540.0,520.06,523.94,1036996.0
2015-09-03,527.11,538.07,526.64,530.66,683432.0
2015-09-04,530.66,532.76,498.71,506.56,1553730.0
2015-09-07,504.07,508.05,474.92,477.53,1568046.0
2015-09-08,478.28,488.27,461.07,480.49,2832988.0
2015-09-09,489.97,505.48,489.03,495.58,1289650.0
2015-09-10,486.67,486.67,474.07,480.66,1734746.0
2015-09-11,488.08,495.61,480.56,484.65,947382.0
2015-09-14,488.08,489.73,478.68,482.51,897360.0
2015-09-15,474.92,474.92,450.04,450.68,4102364.0
2015-09-16,451.92,457.29,440.12,442.07,3439846.0
2015-09-18,446.56,449.95,433.07,435.23,4229276.0
2015-09-21,432.6,439.56,422.75,424.39,3527722.0
2015-09-22,427.9,438.19,421.83,427.97,3484792.0
2015-09-23,423.95,436.27,420.42,431.38,2101092.0
2015-09-24,434.01,434.95,423.55,424.63,3075276.0
2015-09-28,424.98,432.41,414.92,426.6,2058286.0
2015-09-29,416.14,429.33,415.67,421.62,2130838.0
2015-09-30,424.56,431.66,422.25,426.74,1710680.0
2015-10-01,430.25,440.83,427.43,435.73,3298682.0
2015-10-05,441.53,448.45,438.74,445.88,2078964.0
2015-10-06,448.12,449.64,435.33,438.22,1859244.0
2015-10-07,437.77,441.25,433.59,438.17,1577014.0
2015-10-08,438.24,443.23,436.36,437.54,1186754.0
2015-10-09,441.49,447.88,440.12,446.05,2254188.0
2015-10-12,452.35,455.08,446.94,449.67,1280692.0
2015-10-13,450.94,453.57,437.44,439.63,934470.0
2015-10-14,417.08,426.39,412.14,418.68,5045276.0
2015-10-15,420.84,424.89,412.92,416.28,2207088.0
2015-10-16,418.49,426.65,413.84,421.55,1733002.0
2015-10-19,423.19,424.37,419.01,421.41,1040680.0
2015-10-20,421.03,441.18,420.77,438.81,2575044.0
2015-10-21,439.61,441.06,432.6,435.54,860062.0
2015-10-23,437.68,441.6,433.07,433.68,928482.0
2015-10-26,433.99,435.82,420.84,424.09,2149096.0
2015-10-27,423.66,432.13,419.9,429.92,1204108.0
2015-10-28,428.84,428.84,404.95,408.12,2326918.0
2015-10-29,408.05,413.79,380.88,382.9,10177440.0
2015-10-30,384.83,408.62,382.76,404.08,5209966.0
2015-11-02,408.57,408.57,398.98,404.93,1126386.0
2015-11-03,406.74,407.82,396.49,402.41,1298416.0
2015-11-04,404.29,411.77,400.15,407.16,1601270.0
2015-11-05,407.63,411.72,402.04,404.72,1045662.0
2015-11-06,406.74,410.03,400.15,407.42,965858.0
2015-11-09,400.65,416.59,397.8,414.19,1317704.0
2015-11-10,414.73,421.64,409.09,414.35,922018.0
2015-11-11,414.73,421.64,409.09,414.35,922018.0
2015-11-13,411.93,423.19,407.68,422.37,1050528.0
2015-11-16,418.96,423.05,413.27,418.0,875460.0
2015-11-17,419.9,419.9,409.32,413.37,777666.0
2015-11-18,409.09,413.65,394.54,396.35,1992030.0
2015-11-19,398.93,408.15,393.64,404.29,2063296.0
2015-11-20,403.92,412.31,400.15,409.21,1012262.0
2015-11-23,408.62,417.55,406.38,416.49,1019828.0
2015-11-24,416.14,420.3,410.19,412.66,1121646.0
2015-11-26,414.07,416.14,402.98,403.89,1766742.0
2015-11-27,405.8,408.85,399.73,401.07,1295830.0
2015-11-30,398.27,405.8,398.11,401.05,1936694.0
2015-12-01,401.89,403.94,394.98,398.65,1284238.0
2015-12-02,399.21,404.39,391.6,398.56,2239504.0
2015-12-03,397.33,410.45,396.49,406.81,1404100.0
2015-12-04,404.39,406.27,394.06,394.84,1888388.0
2015-12-07,390.8,393.5,384.03,390.8,1772216.0
2015-12-08,387.95,392.63,382.14,389.2,2303852.0
2015-12-09,376.17,379.77,363.5,373.07,4902336.0
2015-12-10,376.64,383.23,371.0,377.82,2433590.0
2015-12-11,378.52,380.88,371.94,376.64,1749372.0
2015-12-14,377.11,377.11,368.18,373.54,1738016.0
2015-12-15,374.76,388.87,373.82,386.8,2391140.0
2015-12-16,388.87,398.37,386.52,395.26,1920230.0
2015-12-17,395.83,398.2,391.85,394.58,1772524.0
2015-12-18,389.27,394.98,389.03,392.3,1638630.0
2015-12-21,388.42,402.67,388.42,401.78,1056078.0
2015-12-22,403.12,408.83,402.03,406.6,1137832.0
2015-12-23,407.21,411.44,398.93,400.48,1440258.0
2015-12-24,402.98,408.1,401.56,404.5,863458.0
2015-12-28,405.35,428.13,404.55,425.4,3462970.0
2015-12-29,427.9,429.26,419.08,420.0,1755170.0
2015-12-30,421.78,431.05,418.82,421.22,2424958.0
2015-12-31,422.72,426.25,417.67,419.43,1962376.0
2016-01-01,419.9,422.16,416.14,417.41,446570.0
2016-01-04,416.85,418.3,406.74,409.51,1073094.0
2016-01-05,409.14,412.05,401.8,403.19,1469778.0
2016-01-06,403.26,415.06,403.26,412.07,1551644.0
2016-01-07,409.09,410.97,385.27,387.76,1597256.0
2016-01-08,388.7,403.45,388.7,390.98,1306070.0
2016-01-11,390.75,395.9,383.88,389.01,862258.0
2016-01-12,391.55,392.35,380.41,383.51,985978.0
2016-01-13,386.52,388.59,374.57,384.45,1260990.0
2016-01-14,383.13,390.28,374.36,384.12,1067976.0
2016-01-15,383.25,388.35,369.9,372.76,1320460.0
2016-01-18,372.88,372.88,348.34,364.84,1995678.0
2016-01-19,369.33,378.52,357.32,371.52,1105592.0
2016-01-20,368.65,368.65,353.6,364.3,1239588.0
2016-01-21,368.65,372.79,363.1,366.82,860828.0
2016-01-22,370.91,377.77,367.76,375.44,730684.0
2016-01-25,378.52,389.34,377.84,382.38,1099700.0
2016-01-27,385.34,390.96,375.44,388.66,1292480.0
2016-01-28,386.05,390.02,381.53,386.05,1179956.0
2016-01-29,386.05,394.86,379.93,391.95,988026.0
2016-02-01,394.46,402.41,392.58,394.96,625232.0
2016-02-02,394.04,398.44,380.88,383.46,564412.0
2016-02-03,379.3,379.3,366.77,372.18,1182954.0
2016-02-04,375.23,380.17,365.05,372.67,1842516.0
2016-02-05,376.17,376.5,358.45,362.7,1925538.0
2016-02-08,363.85,368.67,355.08,362.65,1516172.0
2016-02-09,362.07,381.16,351.72,365.83,5705140.0
2016-02-10,374.29,374.29,361.13,368.23,2129490.0
2016-02-11,369.59,370.44,355.53,359.86,1329434.0
2016-02-12,359.27,364.75,338.56,350.31,1503140.0
2016-02-15,353.13,371.47,353.13,369.5,802364.0
2016-02-16,375.42,375.7,361.24,364.37,1550552.0
2016-02-17,366.74,373.42,356.36,372.05,1694632.0
2016-02-18,375.6,379.94,361.76,365.11,1396214.0
2016-02-19,362.52,370.58,360.75,365.7,678382.0
2016-02-22,365.32,375.32,364.18,372.71,1164194.0
2016-02-23,373.85,373.85,361.53,363.52,1224152.0
2016-02-24,363.94,366.08,356.65,359.58,898804.0
2016-02-25,361.91,363.45,345.27,349.3,1961040.0
2016-02-26,357.07,357.07,347.6,352.12,756016.0
2016-02-29,356.67,359.68,345.46,353.71,1117398.0
2016-03-01,357.78,369.16,352.24,367.74,971810.0
2016-03-02,369.63,378.16,369.63,374.49,751960.0
2016-03-03,378.11,393.09,376.98,391.76,1631756.0
2016-03-04,395.69,395.69,383.89,387.64,820756.0
2016-03-08,388.23,395.22,378.63,380.53,1166946.0
2016-03-09,379.89,393.78,376.74,391.78,1054114.0
2016-03-10,394.65,401.33,386.26,389.23,1498160.0
2016-03-11,390.01,393.28,384.8,386.9,833666.0
2016-03-14,390.46,392.09,382.73,385.89,799214.0
2016-03-15,387.16,387.16,380.08,381.0,850226.0
2016-03-16,381.48,385.13,376.36,384.11,686398.0
2016-03-17,386.03,396.64,385.93,391.17,1411092.0
2016-03-18,395.69,407.89,393.37,406.29,1445320.0
2016-03-21,410.81,420.57,409.42,419.09,1399918.0
2016-03-22,423.47,426.91,413.92,420.02,1432518.0
2016-03-23,420.0,427.99,418.95,425.17,1335766.0
2016-03-28,428.28,431.6,418.68,420.53,863680.0
2016-03-29,418.23,437.85,411.53,426.82,2220570.0
2016-03-30,431.58,435.36,423.97,425.81,1545626.0
2016-03-31,425.91,430.74,414.16,417.8,2998494.0
2016-04-01,419.66,422.54,410.88,412.82,1123020.0
2016-04-04,415.36,418.95,402.92,405.31,1258750.0
2016-04-05,404.35,408.9,393.51,397.27,1331826.0
2016-04-06,382.82,384.9,375.64,377.15,3818564.0
2016-04-07,379.47,379.47,367.03,371.6,2731236.0
2016-04-08,370.86,377.55,367.36,368.42,1421698.0
2016-04-11,369.04,374.21,363.73,371.57,1629132.0
2016-04-12,373.73,387.56,370.38,385.14,2330982.0
2016-04-13,391.43,401.96,387.7,397.2,2115418.0
2016-04-18,397.17,400.12,391.93,398.37,626132.0
2016-04-20,401.86,402.17,388.58,390.95,912326.0
2016-04-21,392.29,396.89,385.59,393.23,926584.0
2016-04-22,393.23,397.89,388.68,390.28,838316.0
2016-04-25,389.81,392.56,379.04,380.09,1194778.0
2016-04-26,378.03,390.91,375.64,386.0,2219162.0
2016-04-27,386.65,394.16,383.06,384.25,1081726.0
2016-04-28,386.36,388.99,377.12,379.47,2714704.0
2016-04-29,375.64,383.39,375.64,381.91,1118550.0
2016-05-02,381.67,387.99,378.99,387.13,741222.0
2016-05-03,388.56,393.68,378.39,381.62,1783034.0
2016-05-04,380.38,381.72,369.64,371.09,1352222.0
2016-05-05,362.46,375.64,361.29,373.37,1379268.0
2016-05-06,371.09,378.03,371.09,373.03,650092.0
2016-05-09,375.07,380.33,374.37,378.34,659452.0
2016-05-10,379.66,380.9,374.4,376.12,698586.0
2016-05-11,372.29,377.51,368.49,373.54,556870.0
2016-05-12,374.21,377.89,369.92,370.57,1030348.0
2016-05-13,368.8,368.8,358.22,359.51,1945904.0
2016-05-16,359.51,362.29,356.6,360.69,2193504.0
2016-05-17,360.59,363.63,353.2,359.18,5811760.0
2016-05-18,351.98,356.5,348.75,352.22,2870078.0
2016-05-19,351.71,354.83,342.24,343.8,1170772.0
2016-05-20,344.01,347.34,339.34,343.87,1755508.0
2016-05-23,346.07,346.91,339.75,340.95,975128.0
2016-05-24,341.04,349.32,337.31,347.55,1196242.0
2016-05-25,350.95,356.93,349.03,354.8,1481288.0
2016-05-26,356.5,361.96,353.63,359.56,1761276.0
2016-05-27,360.33,362.74,354.59,356.36,1201008.0
2016-05-30,359.61,360.3,351.95,356.76,968074.0
2016-05-31,358.84,367.91,355.59,361.48,2103322.0
2016-06-01,363.01,367.27,362.05,364.47,1001374.0
2016-06-02,363.61,366.45,360.52,363.56,925678.0
2016-06-03,365.69,370.81,358.22,359.97,1184470.0
2016-06-06,356.5,360.69,352.19,354.51,983474.0
2016-06-07,354.59,359.56,354.54,358.08,771234.0
2016-06-08,363.68,370.16,363.68,366.0,1804318.0
2016-06-09,366.07,370.38,362.41,363.99,802226.0
2016-06-10,364.97,365.81,357.94,359.11,940200.0
2016-06-13,356.88,357.79,348.84,356.07,1064404.0
2016-06-14,358.7,361.17,351.6,354.56,510264.0
2016-06-15,358.41,359.56,353.63,355.59,619408.0
2016-06-16,355.23,358.29,348.36,351.19,984572.0
2016-06-17,354.11,354.39,347.19,349.39,622404.0
2016-06-20,348.84,363.49,347.41,361.38,1326622.0
2016-06-21,364.16,365.59,359.08,361.91,791252.0
2016-06-22,361.76,365.93,352.31,353.08,1686116.0
2016-06-23,351.81,362.12,351.81,359.87,1233154.0
2016-06-24,343.58,361.29,326.35,359.83,3559590.0
2016-06-27,358.37,359.8,352.98,355.26,827772.0
2016-06-28,357.67,360.78,352.48,354.37,943754.0
2016-06-29,356.21,365.09,355.14,362.0,1671568.0
2016-06-30,365.83,370.14,358.94,363.8,2466200.0
2016-07-01,366.07,373.25,363.15,370.14,1395474.0
2016-07-04,370.86,375.64,369.61,371.96,1065732.0
2016-07-05,372.29,372.72,365.38,367.65,591062.0
2016-07-07,362.12,362.12,354.11,355.02,1314144.0
2016-07-08,354.97,357.7,351.28,352.98,860780.0
2016-07-11,359.85,359.85,353.99,357.17,686414.0
2016-07-12,358.17,361.96,356.05,359.49,779930.0
2016-07-13,360.66,362.17,355.26,357.22,862876.0
2016-07-14,354.11,354.11,343.96,348.63,3710940.0
2016-07-15,348.7,353.13,347.1,348.58,987628.0
2016-07-18,351.09,358.41,350.45,353.13,1593660.0
2016-07-19,355.49,358.41,351.71,356.33,1171538.0
2016-07-20,356.5,360.04,355.59,357.1,700680.0
2016-07-21,357.22,358.75,346.69,348.34,921474.0
2016-07-22,347.65,354.11,347.03,352.07,759124.0
2016-07-25,353.58,357.94,350.85,357.44,781086.0
2016-07-26,358.42,360.55,351.28,353.1,566202.0
2016-07-27,353.63,356.99,348.6,354.16,968096.0
2016-07-28,356.03,360.48,352.0,359.14,1450112.0
2016-07-29,358.9,368.01,357.73,364.63,1876940.0
2016-08-01,365.61,369.64,357.94,359.26,1488992.0
2016-08-02,360.34,363.69,347.45,348.96,1458524.0
2016-08-03,347.88,352.19,344.53,347.45,1659008.0
2016-08-04,346.73,350.42,343.09,347.14,1782854.0
2016-08-05,345.68,395.03,344.57,390.19,19640598.0
2016-08-08,390.58,404.9,379.41,395.63,8647012.0
2016-08-09,391.15,398.15,387.41,394.34,2369846.0
2016-08-10,394.84,405.38,388.37,394.0,3339864.0
2016-08-11,395.32,397.64,384.8,388.25,1737556.0
2016-08-12,389.09,396.04,385.9,394.77,2082460.0
2016-08-16,395.22,403.85,388.44,402.63,2697676.0
2016-08-17,404.57,408.5,400.61,406.15,2564896.0
2016-08-18,406.6,408.66,400.83,402.58,1014556.0
2016-08-19,403.03,409.69,401.21,402.29,1548184.0
2016-08-22,405.24,406.29,397.71,399.49,825184.0
2016-08-23,400.11,417.94,396.52,412.81,2466166.0
2016-08-24,416.88,417.96,409.0,410.13,1696966.0
2016-08-25,411.61,417.84,407.3,408.11,4094148.0
2016-08-26,408.98,413.34,406.05,410.82,1083076.0
2016-08-29,410.65,412.02,407.3,409.38,817776.0
2016-08-30,409.86,417.07,409.86,412.02,1173108.0
2016-08-31,412.57,416.62,405.72,407.44,1828398.0
2016-09-01,408.16,415.92,403.11,410.94,1415196.0
2016-09-02,411.61,423.11,411.61,418.39,3310528.0
2016-09-06,419.28,420.4,413.53,417.67,1164972.0
2016-09-07,426.94,435.02,420.79,425.51,4618132.0
2016-09-08,428.38,429.34,417.79,421.05,1516806.0
2016-09-09,421.77,421.79,411.16,412.93,1076198.0
2016-09-12,406.82,411.61,396.33,405.48,1676616.0
2016-09-14,405.48,414.49,405.38,412.55,930762.0
2016-09-15,414.2,419.76,410.13,416.83,1138522.0
2016-09-16,421.05,423.59,414.73,419.45,1588894.0
2016-09-19,419.71,434.71,419.09,433.25,2313504.0
2016-09-20,435.98,435.98,425.08,427.69,1460896.0
2016-09-21,426.47,434.52,426.47,431.76,1530570.0
2016-09-22,438.4,444.31,430.83,443.16,1990704.0
2016-09-23,444.99,464.42,442.9,451.93,3640692.0
2016-09-26,450.26,460.44,447.31,449.8,2089118.0
2016-09-27,452.08,458.76,451.41,453.97,1578202.0
2016-09-28,457.54,459.67,449.97,452.08,1688122.0
2016-09-29,449.47,452.39,409.98,430.49,4582436.0
2016-09-30,430.3,443.14,426.59,436.43,1703832.0
2016-10-03,442.28,452.34,437.1,450.69,1544524.0
2016-10-04,452.65,454.31,441.32,442.95,1541588.0
2016-10-05,439.79,448.82,422.15,443.26,2504578.0
2016-10-06,443.72,452.34,437.97,446.04,1765382.0
2016-10-07,456.1,459.77,449.54,458.33,2427858.0
2016-10-10,462.88,468.63,446.76,448.91,2656906.0
2016-10-13,447.5,448.89,432.81,437.89,1804408.0
2016-10-14,441.77,443.48,437.51,439.02,742438.0
2016-10-17,441.92,441.92,423.64,426.32,993006.0
2016-10-18,428.86,437.01,424.07,433.77,1278722.0
2016-10-19,438.21,439.86,429.1,431.93,1047234.0
2016-10-20,433.17,434.61,427.04,428.41,651470.0
2016-10-21,428.38,430.78,422.97,426.3,1112308.0
2016-10-24,430.2,430.54,423.37,424.91,814808.0
2016-10-25,425.39,425.89,417.67,419.9,878396.0
2016-10-26,420.72,425.36,416.04,417.77,1100628.0
2016-10-27,417.89,420.74,408.74,410.37,1379460.0
2016-10-28,412.04,425.84,411.13,424.02,1244776.0
2016-11-01,424.5,424.55,414.13,415.3,633406.0
2016-11-02,412.07,416.83,407.3,409.0,987742.0
2016-11-03,409.02,416.33,406.36,407.35,866204.0
2016-11-04,404.9,408.35,396.04,399.61,1090544.0
2016-11-07,401.55,418.7,401.4,411.44,1226578.0
2016-11-08,413.91,420.95,403.23,407.11,5148922.0
2016-11-09,378.5,427.62,366.4,420.57,3372642.0
2016-11-10,425.75,433.17,419.76,422.08,1378708.0
2016-11-11,416.88,429.53,410.56,413.46,1403004.0
2016-11-15,413.46,432.34,404.42,427.66,2819578.0
2016-11-16,433.17,442.76,427.9,431.98,2744400.0
2016-11-17,433.17,438.9,427.95,431.14,975266.0
2016-11-18,432.69,442.47,431.26,434.54,1621634.0
2016-11-21,435.47,437.82,410.01,411.13,1012292.0
2016-11-22,411.18,422.15,404.93,419.97,1286728.0
2016-11-23,419.97,432.98,417.48,430.25,809144.0
2016-11-24,429.8,440.36,425.27,437.85,2225426.0
2016-11-25,441.78,446.59,433.89,435.98,1984884.0
2016-11-28,434.13,442.76,429.12,435.47,1110394.0
2016-11-29,434.13,440.05,429.53,431.9,1082018.0
2016-11-30,427.81,436.53,421.1,432.93,9042832.0
2016-12-01,435.09,436.53,429.1,430.2,840528.0
2016-12-02,421.67,434.49,416.5,418.3,1581932.0
2016-12-05,414.49,420.45,412.28,418.46,726666.0
2016-12-06,428.93,435.04,427.18,429.72,1814284.0
2016-12-07,432.69,443.67,430.56,438.56,2424574.0
2016-12-08,445.63,465.13,443.91,461.68,4336756.0
2016-12-09,463.36,465.71,454.35,460.3,1640120.0
2016-12-12,461.45,466.26,454.74,463.89,1814082.0
2016-12-13,460.01,481.07,456.44,478.72,4517642.0
2016-12-14,481.57,483.22,465.28,466.84,1973196.0
2016-12-15,463.36,476.54,462.19,467.39,1626966.0
2016-12-16,471.03,474.5,463.19,464.68,1444694.0
2016-12-19,466.72,468.94,458.09,463.48,1725936.0
2016-12-20,465.76,465.76,451.74,455.17,1640194.0
2016-12-21,457.56,457.56,444.24,445.85,1786614.0
2016-12-22,441.32,443.72,435.62,437.46,1619104.0
2016-12-23,433.7,440.29,431.5,436.98,1685672.0
2016-12-26,437.97,437.97,420.72,422.39,838552.0
2016-12-27,419.76,438.4,417.03,435.76,1332544.0
2016-12-28,436.05,438.92,429.82,431.26,1113812.0
2016-12-29,431.09,438.21,428.77,434.85,1999926.0
2016-12-30,438.44,443.24,432.48,434.4,1201018.0
2017-01-02,435.09,446.59,435.09,443.0,2211820.0
2017-01-03,447.07,448.89,439.4,441.85,1220350.0
2017-01-04,444.91,445.58,436.19,437.85,1341400.0
2017-01-05,438.54,445.61,438.54,441.97,1291184.0
2017-01-06,448.03,448.34,435.4,437.06,1670448.0
2017-01-09,439.26,442.23,433.17,434.8,1134886.0
2017-01-10,435.09,448.03,434.61,445.99,2084534.0
2017-01-11,447.91,459.62,442.37,456.17,2318370.0
2017-01-12,458.57,462.38,454.47,455.93,1690178.0
2017-01-13,456.17,458.47,449.25,452.15,904546.0
2017-01-16,452.72,452.72,446.95,448.34,951912.0
2017-01-17,451.29,452.34,446.88,447.91,534808.0
2017-01-18,449.85,456.65,448.08,450.98,861882.0
2017-01-19,452.82,455.22,449.47,452.08,693634.0
2017-01-20,452.08,454.93,440.17,442.97,812760.0
2017-01-23,438.44,450.4,438.44,448.08,622280.0
2017-01-24,448.12,452.68,446.85,451.02,508440.0
2017-01-25,451.38,460.97,449.8,456.49,2799756.0
2017-01-27,457.08,462.24,450.66,453.18,1155296.0
2017-01-30,452.82,457.4,451.05,455.91,638634.0
2017-01-31,455.91,455.91,443.81,446.57,777240.0
2017-02-01,446.66,467.46,445.63,466.07,2027324.0
2017-02-02,464.56,471.99,458.88,464.68,1746984.0
2017-02-03,464.68,467.99,452.82,454.64,1042584.0
2017-02-06,464.85,475.34,464.85,473.98,2523818.0
2017-02-07,475.34,476.61,466.72,470.33,1176900.0
2017-02-08,471.41,480.56,460.01,463.39,6091114.0
2017-02-09,464.56,490.51,463.89,487.68,3493164.0
2017-02-10,491.61,496.66,481.57,484.71,2563874.0
2017-02-13,484.92,501.7,484.92,498.77,2145912.0
2017-02-14,501.7,502.65,494.82,497.98,1396896.0
2017-02-15,493.6,503.13,484.45,488.64,1685814.0
2017-02-16,495.02,525.6,491.96,520.59,3909542.0
2017-02-17,521.02,522.13,509.46,510.93,1292198.0
2017-02-20,512.35,521.91,506.86,518.28,1279602.0
2017-02-21,518.61,523.41,512.84,520.54,1022530.0
2017-02-22,521.02,521.96,510.91,512.74,1060284.0
2017-02-23,511.87,527.28,511.87,515.97,2801394.0
2017-02-27,515.27,515.72,505.23,509.63,856008.0
2017-02-28,508.79,511.15,505.37,507.27,708498.0
2017-03-01,507.2,512.33,501.95,506.55,860656.0
2017-03-02,509.85,517.65,498.39,501.66,1695534.0
2017-03-03,500.8,505.06,489.24,502.24,1399416.0
2017-03-06,519.1,524.39,511.63,516.64,3345474.0
2017-03-07,512.96,517.58,503.69,505.18,909392.0
2017-03-08,509.92,509.92,497.43,502.0,731272.0
2017-03-09,502.0,509.46,494.54,496.8,1185768.0
2017-03-10,500.75,502.72,495.02,497.28,377492.0
2017-03-14,507.54,508.0,496.22,498.63,989516.0
2017-03-15,499.26,504.99,496.92,498.05,1091418.0
2017-03-16,500.82,507.54,500.82,503.83,929106.0
2017-03-17,507.44,507.61,496.92,498.68,1004020.0
2017-03-20,501.28,503.18,495.98,499.62,693140.0
2017-03-21,499.62,499.62,485.58,490.13,1151724.0
2017-03-22,486.35,500.22,479.13,488.52,2038334.0
2017-03-23,488.35,488.52,479.92,485.56,1733570.0
2017-03-24,488.76,492.85,482.98,488.85,1654740.0
2017-03-27,493.09,494.99,487.29,490.2,1094230.0
2017-03-28,491.65,505.56,491.6,504.0,1430418.0
2017-03-29,505.68,508.5,497.19,498.63,1311938.0
2017-03-30,497.91,500.22,492.76,494.46,1852146.0
2017-03-31,495.5,504.65,493.84,501.81,1472034.0
2017-04-03,506.77,519.5,505.61,517.96,2202414.0
2017-04-05,520.06,522.92,513.56,516.83,1687480.0
2017-04-06,522.95,534.02,521.53,525.74,2874254.0
2017-04-07,524.37,531.62,512.64,514.54,1348216.0
2017-04-10,517.7,523.74,508.53,520.83,1284354.0
2017-04-11,521.41,532.89,517.65,528.73,1010298.0
2017-04-12,528.73,532.63,515.36,519.0,1111496.0
2017-04-13,521.0,523.77,513.12,520.49,791604.0
2017-04-17,517.17,518.59,508.98,510.28,779662.0
2017-04-18,512.84,520.06,495.98,498.92,1425888.0
2017-04-19,498.39,507.78,495.02,505.03,796368.0
2017-04-20,507.08,522.15,505.61,521.09,1124080.0
2017-04-21,523.43,525.55,511.87,517.12,829612.0
2017-04-24,524.87,550.83,520.54,545.41,2709898.0
2017-04-25,553.02,553.43,539.56,546.57,1864744.0
2017-04-26,544.11,544.86,532.1,536.45,1159854.0
2017-04-27,539.32,552.78,533.06,546.45,2078636.0
2017-04-28,546.57,557.59,540.62,551.24,1308460.0
2017-05-02,553.28,562.43,546.3,560.29,1474760.0
2017-05-03,560.51,566.19,552.1,554.66,1231146.0
2017-05-04,563.37,563.4,535.8,537.56,2533456.0
2017-05-05,534.5,547.12,525.91,529.21,3350600.0
2017-05-08,531.13,535.95,522.95,529.45,1179284.0
2017-05-09,534.72,540.76,526.99,534.38,1246774.0
2017-05-10,534.5,546.01,534.5,541.78,2079272.0
2017-05-11,544.62,554.73,541.22,544.4,1675634.0
2017-05-12,543.73,547.12,533.69,537.97,765300.0
2017-05-15,538.33,543.58,537.39,540.38,590754.0
2017-05-16,540.76,549.91,540.04,541.8,795092.0
2017-05-17,542.11,544.09,536.09,541.34,646768.0
2017-05-18,535.95,538.4,504.43,508.72,2225102.0
2017-05-19,511.03,525.6,499.55,508.48,2197096.0
2017-05-22,515.15,520.54,508.5,512.84,1171562.0
2017-05-23,511.87,512.81,491.41,504.19,1282420.0
2017-05-24,505.52,527.23,500.29,522.15,4887666.0
2017-05-25,529.69,538.84,520.2,535.76,2239032.0
2017-05-26,534.02,549.5,533.73,545.68,1178420.0
2017-05-29,545.34,553.48,537.39,546.71,901520.0
2017-05-30,544.14,557.09,539.83,551.24,1075768.0
2017-05-31,550.54,568.21,550.54,563.32,1753804.0
2017-06-01,566.29,583.62,566.29,580.66,3038068.0
2017-06-02,583.36,584.87,573.2,574.54,1291242.0
2017-06-05,577.07,577.84,565.95,571.68,748638.0
2017-06-06,564.65,568.91,556.68,561.76,876306.0
2017-06-07,564.26,586.99,563.3,582.9,1269728.0
2017-06-08,585.55,587.95,567.08,570.64,1286838.0
2017-06-09,568.21,569.9,560.41,565.95,1252120.0
2017-06-12,565.8,573.99,558.22,563.81,757212.0
2017-06-13,563.88,567.97,559.54,560.82,642642.0
2017-06-14,563.4,571.1,558.1,565.15,1274494.0
2017-06-15,565.32,569.17,557.62,560.8,623742.0
2017-06-16,560.8,572.83,559.09,569.78,1289888.0
2017-06-19,573.99,581.36,567.3,568.86,1294332.0
2017-06-20,570.62,577.77,565.37,569.37,910520.0
2017-06-21,570.14,571.08,560.48,562.46,948852.0
2017-06-22,562.43,567.27,554.3,556.05,624724.0
2017-06-23,556.17,557.11,531.62,534.24,2296572.0
2017-06-27,533.54,537.37,518.76,524.97,1515842.0
2017-06-28,521.98,523.43,507.01,509.99,2265170.0
2017-06-29,512.69,526.15,512.69,517.7,1803954.0
2017-06-30,517.65,527.55,514.28,526.15,938702.0
2017-07-03,529.69,553.07,527.28,533.59,1140416.0
2017-07-04,537.15,539.32,525.52,528.94,953962.0
2017-07-05,528.8,538.36,527.76,534.84,701140.0
2017-07-06,544.11,549.0,531.62,533.54,1502482.0
2017-07-07,538.84,544.09,534.5,539.73,1531000.0
2017-07-10,517.65,543.41,517.65,539.56,163750.0
2017-07-11,539.34,541.73,529.38,531.06,755328.0
2017-07-12,531.62,541.51,531.62,539.44,855620.0
2017-07-13,541.73,544.62,537.08,539.71,555416.0
2017-07-14,539.8,543.36,537.18,539.37,452760.0
2017-07-17,537.88,552.32,532.84,550.88,1829322.0
2017-07-18,552.8,557.47,548.47,550.47,1915434.0
2017-07-19,551.84,559.4,550.97,553.26,1435524.0
2017-07-20,553.81,556.44,541.73,546.28,845014.0
2017-07-21,545.07,552.32,540.52,546.78,753414.0
2017-07-24,547.02,550.32,542.26,544.35,1244640.0
2017-07-25,543.68,547.72,538.84,540.55,1364118.0
2017-07-26,540.28,552.54,540.02,548.25,1377328.0
2017-07-27,548.95,555.48,543.17,548.42,1974860.0
2017-07-28,551.34,562.0,549.49,559.21,1463762.0
2017-07-31,562.07,565.96,555.44,558.04,1403112.0
2017-08-01,558.72,563.26,556.36,558.72,618852.0
2017-08-02,559.21,568.34,558.79,561.76,1722232.0
2017-08-03,565.93,570.72,557.7,564.72,1673860.0
2017-08-04,565.96,569.24,558.11,561.32,1038818.0
2017-08-07,561.32,568.56,560.4,564.28,1006166.0
2017-08-08,571.06,582.23,558.28,577.45,2300304.0
2017-08-09,575.43,583.88,564.26,566.32,1486420.0
2017-08-10,565.86,581.94,538.78,555.2,6328184.0
2017-08-11,556.0,571.79,550.83,562.99,2434044.0
2017-08-14,570.57,577.11,565.62,573.63,1301576.0
2017-08-16,578.05,583.35,574.22,576.79,1490546.0
2017-08-17,575.67,582.48,571.93,576.09,742780.0
2017-08-18,573.25,574.87,565.96,568.36,798352.0
2017-08-21,570.33,576.09,540.89,551.8,1706710.0
2017-08-22,556.66,561.88,545.14,552.19,1377724.0
2017-08-23,558.65,568.39,553.25,566.42,1027562.0
2017-08-24,570.31,570.31,556.27,557.68,917778.0
2017-08-28,563.58,567.15,557.68,564.48,650694.0
2017-08-29,563.02,563.51,545.41,548.52,1141476.0
2017-08-30,551.38,558.48,551.38,555.71,808468.0
2017-08-31,557.7,557.7,545.36,547.89,1710514.0
2017-09-01,549.47,556.36,548.3,550.41,804766.0
2017-09-04,551.38,555.39,544.58,546.6,1046306.0
2017-09-05,547.08,554.54,547.01,550.07,1175710.0
2017-09-06,550.07,553.21,544.39,549.3,1084622.0
2017-09-07,569.36,573.22,557.72,562.36,3468640.0
2017-09-08,568.39,571.3,560.49,564.02,1662416.0
2017-09-11,570.82,577.62,566.44,573.34,1700166.0
2017-09-12,577.13,599.48,575.8,596.86,2822858.0
2017-09-13,600.01,606.01,593.07,595.52,2832152.0
2017-09-14,597.54,614.93,597.54,611.45,2718212.0
2017-09-15,610.14,610.14,599.96,602.51,1683448.0
2017-09-18,609.66,611.58,604.34,605.62,1004530.0
2017-09-19,611.14,618.3,605.94,615.56,1454746.0
2017-09-20,615.97,619.88,610.89,615.05,1492564.0
2017-09-21,619.35,619.35,600.91,607.79,1752692.0
2017-09-22,606.77,606.77,594.13,596.76,2115610.0
2017-09-25,598.51,600.3,570.57,593.26,3067014.0
2017-09-26,594.13,621.83,592.19,619.32,4557356.0
2017-09-27,626.68,626.71,582.23,591.22,4205870.0
2017-09-28,594.62,596.56,576.35,582.14,1900290.0
2017-09-29,585.49,588.79,569.36,572.18,967676.0
2017-10-03,582.96,602.39,582.96,599.96,1929949.0
2017-10-04,607.25,616.0,603.36,610.85,2861203.0
2017-10-05,612.11,620.37,606.52,614.44,1499153.0
2017-10-06,615.02,631.44,614.83,628.92,2626393.0
2017-10-09,630.18,632.51,619.4,626.34,1074428.0
2017-10-10,626.68,636.89,621.83,635.04,836948.0
2017-10-11,636.4,640.29,618.42,621.15,1039187.0
2017-10-12,623.87,631.54,616.04,628.53,1171780.0
2017-10-13,629.6,631.06,617.84,621.73,975160.0
2017-10-16,626.39,635.43,622.65,624.55,1084958.0
2017-10-17,624.74,637.13,615.51,617.11,1709713.0
2017-10-18,618.91,623.77,609.05,611.77,1351241.0
2017-10-19,613.66,616.58,607.25,610.31,142168.0
2017-10-23,612.11,627.66,612.11,621.73,1518729.0
2017-10-24,624.25,625.03,616.97,619.25,777067.0
2017-10-25,625.66,641.11,613.91,638.73,1458258.0
2017-10-26,644.51,647.09,634.5,643.05,1595780.0
2017-10-27,641.26,656.75,632.12,652.38,1336457.0
2017-10-30,660.69,677.69,657.77,674.83,1551925.0
2017-10-31,679.59,689.93,665.55,678.37,1206918.0
2017-11-01,685.22,685.95,670.21,683.77,866055.0
2017-11-02,685.81,685.81,673.03,675.41,925779.0
2017-11-03,690.91,700.53,680.27,685.81,1802395.0
2017-11-06,687.89,692.51,676.96,690.13,637710.0
2017-11-07,690.71,708.3,682.06,694.99,1768817.0
2017-11-08,699.21,718.45,692.41,710.0,3124579.0
2017-11-09,728.65,728.65,693.72,697.76,2140392.0
2017-11-10,695.18,695.18,680.12,689.11,1969500.0
2017-11-13,689.01,689.01,666.52,670.02,1406785.0
2017-11-14,665.94,683.23,664.62,672.11,1265001.0
2017-11-15,672.83,680.12,664.82,672.06,603530.0
2017-11-16,680.58,682.78,669.67,680.0,722897.0
2017-11-17,686.97,689.69,673.91,678.63,765764.0
2017-11-20,685.02,686.19,673.81,679.22,948522.0
2017-11-21,685.02,697.34,681.07,691.94,1107251.0
2017-11-22,696.66,696.66,686.53,693.01,756543.0
2017-11-23,696.47,696.47,676.0,680.29,1002364.0
2017-11-24,682.09,685.02,677.22,681.36,791178.0
2017-11-27,681.12,685.02,674.3,683.21,1059365.0
2017-11-28,684.04,684.92,677.22,679.46,590325.0
2017-11-29,680.63,683.07,677.81,681.56,431082.0
2017-11-30,680.14,683.07,670.5,675.42,1177176.0
2017-12-01,678.15,682.78,660.95,666.94,522485.0
2017-12-04,669.43,675.13,654.81,658.03,702125.0
2017-12-05,665.53,684.04,665.53,678.98,2669145.0
2017-12-06,680.1,691.74,673.08,678.78,1522562.0
2017-12-07,685.02,689.4,682.48,685.41,1022491.0
2017-12-08,694.62,694.62,683.17,688.82,806742.0
2017-12-11,694.03,694.23,678.49,681.61,695680.0
2017-12-12,680.15,683.07,674.3,679.95,1068425.0
2017-12-13,680.15,682.0,663.58,668.11,801449.0
2017-12-14,672.25,677.37,665.43,671.23,951407.0
2017-12-15,677.12,683.26,673.62,679.02,1502170.0
2017-12-18,677.22,691.74,658.71,688.28,842023.0
2017-12-19,683.31,711.23,683.31,709.86,1427071.0
2017-12-20,715.18,719.8,708.84,712.69,1026591.0
2017-12-21,712.69,716.44,702.07,709.62,741049.0
2017-12-22,715.22,717.17,706.45,710.25,903035.0
2017-12-26,708.6,716.05,705.97,709.28,435757.0
2017-12-27,707.43,712.01,697.88,702.9,390400.0
2017-12-28,703.97,715.47,699.63,713.28,1030248.0
2017-12-29,720.05,720.05,706.89,712.79,582786.0
2018-01-01,712.79,715.18,701.73,704.51,372741.0
2018-01-02,708.11,714.64,695.93,709.43,739161.0
2018-01-03,712.79,722.82,706.7,714.35,1073961.0
2018-01-04,714.54,715.95,705.48,708.35,669117.0
2018-01-05,726.67,726.67,712.59,719.95,1719262.0
2018-01-08,721.95,731.79,716.69,723.41,1218813.0
2018-01-09,724.72,727.31,710.45,713.86,877343.0
2018-01-10,713.86,721.17,698.9,707.96,1067063.0
2018-01-11,702.02,716.2,702.02,708.84,807052.0
2018-01-12,711.03,721.95,701.58,711.91,954584.0
2018-01-15,711.33,718.93,706.55,712.06,420161.0
2018-01-16,710.35,717.03,692.08,696.91,778726.0
2018-01-17,701.29,718.63,682.63,716.34,922960.0
2018-01-18,716.2,719.02,698.66,702.46,684221.0
2018-01-19,702.65,718.59,696.81,716.93,688556.0
2018-01-22,713.28,724.77,710.6,720.78,708591.0
2018-01-23,724.97,735.69,714.25,729.35,1206318.0
2018-01-24,729.26,736.66,721.85,727.26,942288.0
2018-01-25,725.75,732.71,697.98,702.7,2244964.0
2018-01-29,703.63,709.38,695.44,699.63,1288979.0
2018-01-30,695.74,704.6,684.58,702.65,578102.0
2018-01-31,706.36,706.36,692.18,698.76,869666.0
2018-02-01,700.12,713.28,693.74,705.92,831151.0
2018-02-02,696.71,701.58,663.39,673.13,1050389.0
2018-02-05,660.66,700.61,654.81,695.78,1720727.0
2018-02-06,677.22,690.86,657.05,682.0,1334003.0
2018-02-07,692.81,700.9,684.04,688.23,731339.0
2018-02-08,688.82,745.24,688.82,741.73,3709081.0
2018-02-09,731.79,755.27,728.18,743.29,3003733.0
2018-02-12,750.4,761.41,744.07,756.49,1567761.0
2018-02-14,764.92,764.92,737.64,744.26,900835.0
2018-02-15,749.33,749.33,730.57,732.86,793119.0
2018-02-16,735.69,738.07,718.39,723.26,785849.0
2018-02-19,723.31,727.89,705.19,718.54,622264.0
2018-02-20,726.43,735.3,715.91,719.9,1092057.0
2018-02-21,721.56,742.36,716.44,738.17,1213985.0
2018-02-22,734.71,742.51,728.91,736.86,1008588.0
2018-02-23,737.2,743.97,726.72,730.81,833265.0
2018-02-26,738.37,756.54,733.35,747.96,1389478.0
2018-02-27,753.23,756.88,743.48,752.74,787760.0
2018-02-28,745.43,777.59,739.58,769.65,1878047.0
2018-03-01,771.55,777.0,757.9,763.95,1447995.0
2018-03-05,761.02,764.92,737.64,743.53,1443138.0
2018-03-06,750.3,752.93,737.49,742.51,863068.0
2018-03-07,741.92,741.92,721.07,722.87,829873.0
2018-03-08,724.19,736.61,717.71,729.3,1251216.0
2018-03-09,728.14,734.42,725.94,728.67,604663.0
2018-03-12,734.71,740.02,706.45,716.78,933624.0
2018-03-13,723.99,731.01,710.35,718.88,1032311.0
2018-03-14,716.2,725.75,714.54,721.7,779350.0
2018-03-15,719.12,725.31,714.79,719.71,946301.0
2018-03-16,720.1,733.25,714.25,717.76,1024724.0
2018-03-19,717.76,719.02,685.6,691.11,1020740.0
2018-03-20,683.21,696.27,680.39,689.65,1013796.0
2018-03-21,691.84,701.48,682.19,685.55,788133.0
2018-03-22,685.02,691.5,673.32,680.78,1224364.0
2018-03-23,667.48,679.41,660.66,672.64,1665813.0
2018-03-26,670.55,684.48,666.11,681.22,617444.0
2018-03-27,683.31,691.64,682.09,687.06,1243535.0
2018-03-28,685.02,686.97,677.22,681.75,1390605.0
2018-04-02,685.02,704.65,680.73,702.56,1574573.0
2018-04-03,703.48,706.75,690.72,699.15,1348066.0
2018-04-04,709.48,715.71,689.74,698.12,3094364.0
2018-04-05,709.38,714.49,703.58,708.31,1357694.0
2018-04-06,708.4,715.91,702.31,710.5,692605.0
2018-04-09,711.33,715.76,702.8,705.29,1014093.0
2018-04-10,709.38,718.63,703.48,712.3,1347972.0
2018-04-11,716.69,723.02,708.84,711.96,1821154.0
2018-04-12,716.2,718.49,709.48,712.06,751367.0
2018-04-13,718.54,722.0,712.89,715.42,628033.0
2018-04-16,712.89,722.39,709.62,717.32,765604.0
2018-04-17,720.78,722.92,717.12,719.27,529950.0
2018-04-18,721.95,726.92,713.67,717.81,600450.0
2018-04-19,722.04,734.71,717.17,731.59,576842.0
2018-04-20,732.76,747.19,729.84,743.43,1474625.0
2018-04-23,744.9,745.43,736.42,740.46,549829.0
2018-04-24,739.58,741.24,727.94,733.1,550194.0
2018-04-25,730.81,746.16,724.29,743.43,843566.0
2018-04-26,750.21,756.25,741.68,751.76,1189135.0
2018-04-27,754.1,762.19,747.04,752.45,909333.0
2018-04-30,752.54,757.81,740.56,754.88,471151.0
2018-05-02,754.15,764.72,744.07,749.09,474472.0
2018-05-03,740.56,749.04,725.94,731.01,1221539.0
2018-05-04,728.38,733.01,708.89,714.35,654459.0
2018-05-07,715.03,727.5,712.35,722.73,668891.0
2018-05-08,723.02,732.28,716.0,721.46,391061.0
2018-05-09,722.05,725.16,705.58,710.3,582431.0
2018-05-10,709.38,717.17,704.51,705.72,369523.0
2018-05-11,707.43,713.18,702.85,707.04,273121.0
2018-05-14,706.45,720.19,702.12,716.1,678648.0
2018-05-15,711.81,731.69,703.04,709.38,843427.0
2018-05-16,704.6,718.63,703.14,709.57,347987.0
2018-05-17,712.3,716.98,704.55,706.75,984517.0
2018-05-18,702.56,714.25,698.22,704.41,489945.0
2018-05-21,701.78,705.09,672.89,676.49,964352.0
2018-05-22,678.2,692.62,640.53,663.53,5292377.0
2018-05-23,662.61,681.7,659.68,668.55,1043065.0
2018-05-24,657.73,664.36,619.73,626.06,2969248.0
2018-05-25,627.53,653.74,627.53,649.6,1105580.0
2018-05-28,653.35,654.76,635.32,646.48,926550.0
2018-05-29,643.6,658.66,633.57,642.29,1532120.0
2018-05-30,641.31,654.52,639.51,648.72,1334883.0
2018-05-31,650.52,652.42,632.15,634.05,1374402.0
2018-06-01,628.01,638.15,622.7,626.16,1134819.0
2018-06-04,626.65,631.38,608.04,620.41,1460273.0
2018-06-05,619.34,625.24,611.45,621.92,728345.0
2018-06-06,627.53,636.25,611.55,633.52,1524680.0
2018-06-07,634.35,644.29,634.15,638.34,635623.0
2018-06-08,636.39,638.15,626.16,635.76,899383.0
2018-06-11,641.17,641.17,627.92,630.94,438397.0
2018-06-12,632.11,640.15,628.99,635.27,604139.0
2018-06-13,640.63,651.74,635.76,639.76,1148429.0
2018-06-14,637.61,638.73,627.48,629.67,392696.0
2018-06-15,629.48,634.35,617.2,626.7,885052.0
2018-06-18,623.97,631.03,618.76,622.22,342803.0
2018-06-19,617.78,622.26,609.5,616.95,582020.0
2018-06-20,618.46,621.68,613.88,614.71,624037.0
2018-06-21,616.71,617.44,589.57,591.91,1906085.0
2018-06-22,591.91,603.02,588.55,597.42,1567938.0
2018-06-25,597.61,602.19,586.84,589.91,558894.0
2018-06-26,587.58,598.2,586.41,593.91,710580.0
2018-06-27,597.51,597.51,575.88,588.89,958190.0
2018-06-28,590.5,605.11,581.48,588.94,1734274.0
2018-06-29,589.57,599.95,587.09,597.03,697986.0
2018-07-02,602.19,613.88,589.18,595.42,1315389.0
2018-07-03,595.32,608.28,592.98,604.53,680435.0
2018-07-04,605.99,622.46,600.05,620.46,1102281.0
2018-07-05,624.21,626.16,595.86,599.46,961410.0
2018-07-06,599.46,619.34,595.37,616.17,1103081.0
2018-07-09,621.58,639.12,619.0,634.83,1844330.0
2018-07-10,637.27,637.27,625.58,627.58,645076.0
2018-07-11,624.6,631.72,616.91,619.83,458892.0
2018-07-12,621.68,623.39,601.22,605.11,668088.0
2018-07-13,605.11,606.82,588.5,590.3,643651.0
2018-07-16,591.38,594.1,572.96,575.78,833272.0
2018-07-17,567.6,603.95,567.6,600.53,1309289.0
2018-07-18,600.24,600.92,573.54,580.02,1094475.0
2018-07-19,582.51,583.58,560.39,568.04,1532424.0
2018-07-20,565.36,576.37,560.29,572.13,761579.0
2018-07-23,573.35,593.42,570.04,588.11,842520.0
2018-07-24,586.65,596.44,576.95,590.84,866169.0
2018-07-25,588.84,617.54,588.84,605.46,1567219.0
2018-07-26,614.86,628.5,603.21,613.25,2032775.0
2018-07-27,619.46,626.07,610.61,617.07,656521.0
2018-07-30,619.52,625.07,606.7,615.69,712198.0
2018-07-31,616.82,634.35,608.96,629.25,1134534.0
2018-08-01,634.01,651.2,620.75,632.68,2251026.0
2018-08-02,632.54,636.71,617.51,624.38,985906.0
2018-08-03,627.63,656.6,627.63,633.81,1914865.0
2018-08-06,634.6,640.74,630.77,635.78,446961.0
2018-08-07,638.23,640.34,622.27,626.69,789934.0
2018-08-08,628.61,636.86,620.8,628.07,869189.0
2018-08-09,633.32,641.28,612.01,620.21,3477923.0
2018-08-10,624.48,626.79,615.05,618.25,961122.0
2018-08-13,615.99,616.77,596.29,598.11,1356735.0
2018-08-14,594.43,610.83,594.43,607.93,1001131.0
2018-08-16,606.02,615.0,599.24,608.18,1238957.0
2018-08-17,612.5,623.45,609.95,619.42,960299.0
2018-08-20,623.75,639.02,623.5,636.22,1215908.0
2018-08-21,636.46,638.87,627.63,629.44,602337.0
2018-08-23,630.72,643.93,620.06,640.64,1277935.0
2018-08-24,640.15,647.61,629.44,635.63,1205281.0
2018-08-27,643.34,646.97,634.55,637.01,2099713.0
2018-08-28,636.46,647.27,634.06,642.8,1331133.0
2018-08-29,647.76,672.81,647.37,655.22,3844392.0
2018-08-30,657.09,666.42,650.66,657.09,1705017.0
2018-08-31,658.02,671.82,656.55,666.96,1717798.0
2018-09-03,673.59,677.37,655.13,657.48,1786210.0
2018-09-04,656.89,664.51,635.88,638.58,1940797.0
2018-09-05,637.25,653.85,627.82,651.69,1284439.0
2018-09-06,662.49,669.76,651.79,656.99,1790361.0
2018-09-07,660.04,681.55,651.84,676.44,1707078.0
2018-09-10,675.7,679.88,651.59,655.18,985575.0
2018-09-11,663.52,665.49,637.5,642.6,1520723.0
2018-09-12,644.72,654.88,635.97,650.51,832284.0
2018-09-14,655.81,662.0,645.3,656.5,1534664.0
2018-09-17,653.51,655.37,639.41,640.93,875664.0
2018-09-18,641.03,648.99,616.13,618.29,1410232.0
2018-09-19,620.46,631.46,619.87,627.67,917222.0
2018-09-21,630.57,642.11,585.24,613.43,2281161.0
2018-09-24,618.69,621.24,591.28,597.23,1465954.0
2018-09-25,597.18,610.63,592.41,605.62,846868.0
2018-09-26,611.12,620.16,607.24,613.87,911023.0
2018-09-27,613.87,623.7,598.85,601.55,2147662.0
2018-09-28,605.23,613.63,580.73,590.4,1340551.0
2018-10-01,594.03,618.25,580.04,614.41,1175862.0
2018-10-03,602.19,607.49,591.28,592.71,1154916.0
2018-10-04,587.7,589.32,575.72,581.12,799249.0
2018-10-05,581.07,585.39,564.76,566.68,902066.0
2018-10-08,564.76,571.35,549.64,556.02,2234070.0
2018-10-09,557.4,559.56,542.17,554.75,1564823.0
2018-10-10,556.37,580.43,549.1,578.52,1442209.0
2018-10-11,550.33,564.03,541.73,545.37,2234840.0
2018-10-12,550.03,573.6,549.15,563.39,1420975.0
2018-10-15,565.45,574.1,556.91,570.61,1307540.0
2018-10-16,574.49,579.4,563.83,567.96,1993125.0
2018-10-17,574.19,576.31,549.1,550.67,866039.0
2018-10-19,548.95,559.85,544.78,554.89,631144.0
2018-10-22,557.0,562.8,542.17,544.04,668097.0
2018-10-23,542.08,552.83,532.84,543.65,1596636.0
2018-10-24,543.65,552.59,536.38,546.84,916612.0
2018-10-25,540.21,543.89,531.42,536.97,1133717.0
2018-10-26,541.88,549.93,532.16,543.5,861948.0
2018-10-29,544.78,549.05,536.77,546.99,1313571.0
2018-10-30,546.1,563.98,543.65,559.36,952329.0
2018-10-31,564.13,576.35,555.48,574.49,1030280.0
2018-11-01,574.59,580.82,568.05,570.71,430077.0
2018-11-02,578.52,625.96,572.08,596.44,4309509.0
2018-11-05,596.19,608.62,583.23,588.14,871744.0
2018-11-06,590.3,595.46,572.82,575.81,760322.0
2018-11-07,577.43,583.38,576.75,581.95,100152.0
2018-11-09,581.46,590.11,571.15,573.11,934335.0
2018-11-12,574.59,585.49,568.69,574.44,848601.0
2018-11-13,571.64,581.95,568.55,579.55,598683.0
2018-11-14,583.82,589.02,572.82,574.39,1023074.0
2018-11-15,576.07,583.96,573.16,581.79,629015.0
2018-11-16,582.48,587.9,576.17,584.94,809715.0
2018-11-19,585.49,594.32,582.97,586.77,883460.0
2018-11-20,584.16,592.59,563.24,569.26,1216501.0
2018-11-21,569.16,577.1,559.79,572.37,1095386.0
2018-11-22,573.9,579.96,568.18,574.93,583409.0
2018-11-26,576.07,577.3,556.29,564.48,1170925.0
2018-11-27,558.31,569.9,558.31,567.83,746454.0
2018-11-28,568.18,574.09,556.98,558.02,887444.0
2018-11-29,561.37,567.09,556.34,564.38,1094642.0
2018-11-30,568.18,568.18,554.46,556.19,1864406.0
2018-12-03,562.06,562.06,548.94,556.09,1423254.0
2018-12-04,559.3,579.62,554.56,572.57,1311707.0
2018-12-05,552.39,557.32,518.41,524.23,10232588.0
2018-12-06,518.85,522.7,503.57,519.4,3487601.0
2018-12-07,526.75,526.75,494.19,498.63,4241301.0
2018-12-10,481.42,501.79,481.42,499.18,1634794.0
2018-12-11,485.81,501.4,485.81,490.2,2572644.0
2018-12-12,493.21,522.7,490.4,507.76,1850888.0
2018-12-13,511.56,518.76,496.32,501.2,1727935.0
2018-12-14,501.35,512.44,497.84,506.62,1337897.0
2018-12-17,508.99,518.85,501.25,517.03,1606047.0
2018-12-18,513.03,518.71,508.25,514.91,1271134.0
2018-12-19,517.47,520.83,510.96,514.66,1257559.0
2018-12-20,511.95,523.79,506.72,514.42,1733104.0
2018-12-21,514.91,518.85,493.21,494.74,1869274.0
2018-12-24,495.18,499.67,484.33,495.62,2056723.0
2018-12-26,494.74,501.59,487.49,498.58,1142633.0
2018-12-27,502.09,506.52,491.38,493.41,1464279.0
2018-12-28,498.14,510.91,494.79,500.36,1775541.0
2018-12-31,503.47,507.26,499.32,501.79,842419.0
2019-01-01,503.07,507.71,499.67,504.01,639790.0
2019-01-02,503.07,503.81,485.32,488.18,1621236.0
2019-01-03,488.97,493.6,478.9,480.88,1732579.0
2019-01-04,482.31,487.68,476.49,480.53,2128419.0
2019-01-07,475.75,480.38,463.71,473.18,4043811.0
2019-01-08,473.58,475.6,463.71,465.44,2436361.0
2019-01-09,467.12,472.05,463.02,470.52,1367513.0
2019-01-10,473.48,477.52,469.19,475.8,1618253.0
2019-01-11,477.57,478.86,470.57,475.11,944881.0
2019-01-14,474.47,475.45,464.6,470.03,967635.0
2019-01-15,472.0,481.96,467.56,480.04,1650630.0
2019-01-16,481.27,487.29,477.52,483.1,1218694.0
2019-01-17,483.44,487.24,479.0,482.55,780731.0
2019-01-18,485.51,485.91,466.57,473.28,1490363.0
2019-01-21,473.48,477.38,468.25,472.15,1140253.0
2019-01-22,469.53,481.37,467.41,479.4,1022305.0
2019-01-23,477.92,486.35,473.63,483.44,1999764.0
2019-01-24,484.33,486.25,467.31,469.34,1023064.0
2019-01-25,470.91,480.88,469.58,473.09,1453797.0
2019-01-28,471.61,472.94,461.89,464.21,738279.0
2019-01-29,461.69,482.85,457.25,479.45,2091115.0
2019-01-30,479.45,481.86,467.36,468.84,1008221.0
2019-01-31,471.11,489.26,470.03,486.3,2264567.0
2019-02-01,484.33,498.98,481.57,488.72,1723141.0
2019-02-04,488.28,488.28,476.64,481.03,602203.0
2019-02-05,478.51,487.73,478.51,481.03,618809.0
2019-02-06,467.86,480.78,465.59,475.55,1717658.0
2019-02-07,476.24,488.72,475.16,486.11,772841.0
2019-02-08,491.24,491.24,471.65,477.97,754438.0
2019-02-11,475.65,477.97,466.08,472.59,527381.0
2019-02-12,472.49,479.79,470.87,477.23,580373.0
2019-02-13,472.49,479.79,470.87,477.23,580373.0
2019-02-14,467.41,476.98,459.67,471.95,1816217.0
2019-02-15,470.52,471.65,452.76,462.63,2152438.0
2019-02-18,461.64,464.75,451.53,452.76,1031691.0
2019-02-19,451.78,459.52,449.9,451.38,675042.0
2019-02-20,454.74,471.46,453.16,467.12,1494861.0
2019-02-21,469.53,476.29,463.22,474.27,769754.0
2019-02-22,474.42,484.33,471.26,482.55,837374.0
2019-02-25,482.55,489.51,479.74,487.83,1746291.0
2019-02-26,485.32,506.38,479.45,499.37,2879913.0
2019-02-27,502.48,509.98,499.32,504.26,1930334.0
2019-02-28,507.02,510.96,502.73,505.93,1574255.0
2019-03-01,510.47,514.47,503.07,512.69,1154025.0
2019-03-05,507.02,521.27,498.34,518.95,2469584.0
2019-03-06,513.38,519.35,506.08,511.51,2106915.0
2019-03-07,508.1,517.87,505.34,509.34,1324032.0
2019-03-08,507.02,509.53,495.28,500.46,1200535.0
2019-03-11,502.97,529.71,499.77,526.6,3216600.0
2019-03-12,529.21,529.85,519.99,522.9,1476167.0
2019-03-13,522.8,537.35,516.93,530.2,2937794.0
2019-03-14,527.73,533.65,520.83,523.15,972792.0
2019-03-15,524.28,540.8,519.15,528.27,3914300.0
2019-03-18,529.71,529.75,508.55,510.22,1310619.0
2019-03-19,510.91,513.63,507.17,509.68,745438.0
2019-03-20,508.65,509.93,495.67,496.81,1445005.0
2019-03-22,497.79,502.92,485.32,487.88,1360552.0
2019-03-25,483.74,486.11,475.45,480.98,1972061.0
2019-03-26,483.34,487.83,477.33,484.68,917148.0
2019-03-27,484.82,492.42,478.95,484.38,1356602.0
2019-03-28,484.38,491.58,481.37,487.93,1597993.0
2019-03-29,484.38,491.58,481.37,487.93,1597993.0
2019-04-01,506.62,513.53,500.95,504.65,720664.0
2019-04-02,505.04,509.88,501.54,507.22,756465.0
2019-04-03,503.07,515.9,494.29,496.96,1401379.0
2019-04-04,496.17,503.52,491.73,501.05,750092.0
2019-04-05,503.02,509.68,502.97,505.39,488412.0
2019-04-08,506.03,508.4,494.54,496.56,572385.0
2019-04-09,495.18,502.43,493.21,500.56,414882.0
2019-04-10,499.82,501.54,489.31,491.14,554070.0
2019-04-11,488.67,496.71,487.63,489.56,889507.0
2019-04-12,489.56,494.15,484.77,485.81,1241426.0
2019-04-15,488.28,506.82,488.28,505.74,1280538.0
2019-04-16,508.0,508.0,498.98,501.35,1860311.0
2019-04-18,506.03,506.03,491.73,493.75,506541.0
2019-04-22,494.0,494.0,473.48,475.16,1062300.0
2019-04-23,476.34,483.0,467.86,479.64,1279843.0
2019-04-24,480.09,483.49,471.06,474.56,897465.0
2019-04-25,476.44,479.5,472.3,474.02,1255289.0
2019-04-26,475.55,476.88,466.62,469.68,529245.0
2019-04-30,470.42,470.52,459.13,465.83,618065.0
2019-05-02,463.32,470.77,456.02,457.89,430595.0
2019-05-03,458.14,481.77,453.75,479.99,2954245.0
2019-05-06,475.16,479.1,462.53,464.4,1091676.0
2019-05-07,467.17,470.52,457.7,459.03,929965.0
2019-05-08,457.2,468.45,454.2,456.12,1123373.0
2019-05-09,455.48,460.46,452.81,454.29,712519.0
2019-05-10,455.72,458.98,448.82,450.2,604441.0
2019-05-13,450.2,453.6,443.05,444.63,1148539.0
2019-05-14,443.89,452.96,442.51,450.25,985847.0
2019-05-15,450.79,458.68,446.06,447.73,817757.0
2019-05-16,451.58,451.58,439.2,441.62,722258.0
2019-05-17,441.42,449.61,441.42,448.03,502430.0
2019-05-20,459.67,488.42,454.49,479.5,5611134.0
2019-05-21,472.49,472.49,456.41,462.92,2420059.0
2019-05-22,463.62,467.17,455.72,459.08,935438.0
2019-05-23,463.27,471.31,451.78,454.05,1242641.0
2019-05-24,456.71,473.09,454.74,471.7,1755222.0
2019-05-27,473.43,481.07,467.81,475.8,1008173.0
2019-05-28,478.9,496.17,477.47,483.1,3540262.0
2019-05-29,482.26,485.81,464.26,467.36,1403034.0
2019-05-30,470.42,470.77,459.67,463.76,1292545.0
2019-05-31,466.57,472.39,457.75,461.0,1142361.0
2019-06-03,462.63,466.03,447.98,458.19,1286958.0
2019-06-04,458.68,461.3,454.34,456.71,1066086.0
2019-06-06,449.76,456.71,449.02,454.1,1527383.0
2019-06-07,453.75,458.09,448.42,451.19,586486.0
2019-06-10,454.54,461.25,452.86,454.84,892432.0
2019-06-11,455.23,470.22,453.75,467.86,1030037.0
2019-06-12,470.77,470.77,458.83,461.64,647469.0
2019-06-13,458.88,462.53,451.43,453.41,615365.0
2019-06-14,453.41,454.59,445.86,448.18,950168.0
2019-06-17,450.69,450.69,434.52,436.69,1695534.0
2019-06-18,434.32,439.35,431.56,433.53,878570.0
2019-06-19,433.04,437.38,424.75,428.6,1740460.0
2019-06-20,428.7,435.5,425.15,434.02,1637388.0
2019-06-21,434.37,438.86,429.93,433.28,1174854.0
2019-06-24,433.83,435.01,427.02,430.47,564527.0
2019-06-25,426.48,431.21,424.31,429.93,1358199.0
2019-06-26,429.29,444.08,428.25,442.51,1282722.0
2019-06-27,445.12,450.79,441.67,449.76,1623682.0
2019-06-28,449.81,461.64,441.91,443.79,1393708.0
2019-07-01,445.02,456.51,445.02,451.38,1000370.0
2019-07-02,454.15,455.13,438.96,453.85,1313702.0
2019-07-03,456.32,467.46,451.29,456.46,3274216.0
2019-07-04,456.71,475.26,455.92,469.48,1988905.0
2019-07-05,470.67,471.46,445.86,451.88,1081491.0
2019-07-08,448.62,454.49,438.02,443.05,971252.0
2019-07-09,442.6,449.71,429.58,447.93,1774858.0
2019-07-10,444.77,449.21,433.43,437.18,685065.0
2019-07-11,441.57,459.82,439.55,458.29,2118840.0
2019-07-12,457.7,463.47,453.01,456.17,1383499.0
2019-07-15,455.72,462.83,449.46,456.27,1253961.0
2019-07-16,456.27,460.85,453.06,459.37,822696.0
2019-07-17,459.37,467.46,455.03,458.58,1432317.0
2019-07-18,456.51,456.51,432.44,434.86,2481984.0
2019-07-19,435.35,441.77,426.67,431.26,1516928.0
2019-07-22,432.0,436.24,424.21,431.9,1624792.0
2019-07-23,433.97,433.97,424.16,426.97,1633353.0
2019-07-24,427.12,430.03,415.68,425.69,1937300.0
2019-07-25,425.93,432.05,421.0,422.43,954127.0
2019-07-26,421.3,432.99,417.85,428.25,776510.0
2019-07-29,428.1,430.08,419.37,421.99,716282.0
2019-07-30,421.54,423.96,409.17,410.74,1183508.0
2019-07-31,407.39,420.9,404.68,417.2,971360.0
2019-08-01,414.03,420.43,411.45,416.96,772632.0
2019-08-02,414.97,423.51,405.74,419.44,1488186.0
2019-08-05,415.67,427.82,405.84,416.11,866209.0
2019-08-06,403.86,418.59,395.37,415.27,2395348.0
2019-08-07,415.27,421.47,400.78,402.87,1182019.0
2019-08-08,402.77,417.6,400.29,414.97,966386.0
2019-08-09,416.76,431.64,413.78,425.19,1150246.0
2019-08-13,425.89,427.23,395.03,397.41,3340232.0
2019-08-14,392.94,404.7,381.04,399.54,2586023.0
2019-08-16,396.61,397.86,386.2,394.93,1066571.0
2019-08-19,394.93,399.74,390.16,393.49,886024.0
2019-08-20,393.94,401.18,386.39,387.88,1322079.0
2019-08-21,388.97,391.55,384.96,386.84,778405.0
2019-08-22,386.49,388.73,377.07,380.84,957945.0
2019-08-23,379.5,392.74,376.67,387.68,1299982.0
2019-08-26,394.93,394.93,377.02,387.73,1233732.0
2019-08-27,389.67,400.63,385.25,392.25,1448232.0
2019-08-28,392.94,398.2,384.21,386.64,905159.0
2019-08-29,386.39,388.28,377.91,379.65,989077.0
2019-08-30,383.96,385.75,377.07,381.38,1056295.0
2019-09-03,377.17,383.76,374.78,379.05,1013168.0
2019-09-04,373.1,381.18,373.1,379.3,1185083.0
2019-09-05,381.04,394.28,379.05,391.16,1589404.0
2019-09-06,393.09,394.83,388.18,391.9,797520.0
2019-09-09,391.9,399.59,388.83,397.21,1560225.0
2019-09-11,398.8,410.11,396.22,408.27,1755539.0
2019-09-12,409.27,413.29,399.49,402.52,1242282.0
2019-09-13,402.62,410.8,399.24,409.42,605160.0
2019-09-16,405.4,413.58,405.4,407.93,533905.0
2019-09-17,407.53,408.32,390.66,393.34,1088390.0
2019-09-18,391.9,401.53,383.02,397.06,1911376.0
2019-09-19,396.91,403.66,387.29,391.11,922739.0
2019-09-20,393.54,444.59,385.25,421.32,4087050.0
2019-09-23,427.57,459.23,427.57,448.86,3649871.0
2019-09-24,451.64,463.35,445.53,456.65,1795514.0
2019-09-25,454.96,455.56,433.33,438.89,1587444.0
2019-09-26,441.02,456.05,440.42,446.87,1354520.0
2019-09-27,445.93,448.96,440.57,443.3,870892.0
2019-09-30,445.39,450.59,435.56,442.9,1502636.0
2019-10-01,445.68,452.53,434.82,441.42,1637370.0
2019-10-03,440.13,448.76,432.39,437.84,1433241.0
2019-10-04,439.08,446.33,418.05,421.97,1715848.0
2019-10-07,420.73,426.09,413.78,421.97,697196.0
2019-10-09,421.72,434.97,415.87,428.96,921692.0
2019-10-10,427.33,429.96,418.84,420.63,624592.0
2019-10-11,416.96,422.71,410.01,414.92,1441510.0
2019-10-14,412.79,432.63,411.4,427.03,960679.0
2019-10-15,429.11,433.97,422.17,425.09,1279522.0
2019-10-16,425.54,437.6,425.19,434.02,1060884.0
2019-10-17,434.02,461.41,429.06,449.16,1689477.0
2019-10-18,449.5,450.99,439.43,442.36,1291597.0
2019-10-22,445.14,451.49,440.77,443.35,1946588.0
2019-10-23,442.06,456.2,440.62,451.29,1305450.0
2019-10-24,452.48,466.87,446.53,447.72,2043859.0
2019-10-25,450.3,451.39,443.25,448.31,890806.0
2019-10-29,450.99,475.1,448.56,459.82,3311695.0
2019-10-30,461.91,463.94,449.35,452.48,1374801.0
2019-10-31,451.49,461.21,447.42,450.35,1901204.0
2019-11-01,448.46,456.45,444.64,455.21,1033117.0
2019-11-04,455.46,463.79,450.69,457.94,1277869.0
2019-11-05,465.58,483.04,453.47,460.96,3863420.0
2019-11-06,459.43,464.73,450.5,460.77,1028386.0
2019-11-07,463.49,470.34,456.6,465.53,1103108.0
2019-11-08,465.08,469.8,417.6,423.36,7061664.0
2019-11-11,418.74,441.22,416.81,432.63,4433185.0
2019-11-13,427.92,432.78,423.51,424.99,1646596.0
2019-11-14,424.7,436.5,417.75,433.08,2907511.0
2019-11-15,435.02,439.78,425.29,436.41,2804725.0
2019-11-18,444.64,449.01,439.63,444.74,2101685.0
2019-11-19,446.97,456.05,442.41,451.24,1289037.0
2019-11-20,452.88,462.64,451.99,456.22,1711834.0
2019-11-21,455.62,455.62,443.52,448.05,1419393.0
2019-11-22,445.32,451.49,445.32,448.6,1224765.0
2019-11-25,448.6,449.0,441.04,446.31,1404417.0
2019-11-26,448.5,461.44,448.05,452.53,3091316.0
2019-11-27,455.32,467.87,454.18,466.37,1795906.0
2019-11-28,467.92,469.76,460.95,465.97,1430002.0
2019-11-29,466.92,466.92,457.31,462.34,1039535.0
2019-12-02,462.34,466.67,453.73,464.78,1042658.0
2019-12-03,465.43,465.92,442.03,446.41,1646557.0
2019-12-04,440.04,449.85,428.79,442.83,2492408.0
2019-12-05,443.03,445.07,436.26,440.39,1242839.0
2019-12-06,442.63,445.91,438.15,439.64,522868.0
2019-12-09,439.04,452.78,436.85,443.23,1039163.0
2019-12-10,443.23,447.46,436.26,437.7,451709.0
2019-12-11,437.55,441.33,432.17,437.55,662680.0
2019-12-12,440.04,449.1,434.76,446.51,973815.0
2019-12-13,448.95,465.92,448.75,462.44,2671617.0
2019-12-16,462.94,470.8,460.55,468.81,1646201.0
2019-12-17,471.4,487.48,468.51,483.45,3348800.0
2019-12-18,483.84,495.64,481.06,494.2,2222895.0
2019-12-19,492.71,494.05,481.6,492.01,2086708.0
2019-12-20,489.82,493.8,487.03,489.97,1418187.0
2019-12-23,490.02,502.76,487.48,498.28,2594353.0
2019-12-24,497.78,498.28,481.6,484.04,2254170.0
2019-12-26,484.84,491.76,480.86,490.02,1358802.0
2019-12-27,490.47,492.56,483.55,486.58,846384.0
2019-12-30,487.83,491.01,484.24,489.32,519572.0
2019-12-31,490.22,490.81,479.86,481.01,607473.0
2020-01-01,483.94,487.23,480.51,483.0,925007.0
2020-01-02,484.74,490.12,483.74,488.92,1047050.0
2020-01-03,488.82,490.96,480.41,484.39,613158.0
2020-01-06,485.14,488.82,468.61,475.78,1987548.0
2020-01-07,478.17,489.32,477.87,481.55,1862852.0
2020-01-08,478.47,487.83,473.39,485.59,910355.0
2020-01-09,490.32,509.63,489.12,505.05,2916567.0
2020-01-10,507.79,520.58,503.41,510.82,3219510.0
2020-01-13,512.72,516.45,509.18,513.31,975174.0
2020-01-14,514.91,519.44,511.72,516.5,1210947.0
2020-01-15,515.6,527.65,508.73,525.71,1320196.0
2020-01-16,527.65,531.53,519.09,524.81,1164193.0
2020-01-17,524.66,528.35,517.0,520.13,597719.0
2020-01-20,519.68,523.07,512.17,516.35,929302.0
2020-01-21,512.87,516.7,504.4,508.68,1430656.0
2020-01-22,512.22,512.72,498.08,500.47,1150991.0
2020-01-23,500.57,513.91,499.92,512.96,1418500.0
2020-01-24,515.65,522.47,509.33,519.73,1360540.0
2020-01-27,519.19,522.57,501.76,506.69,914230.0
2020-01-28,506.84,511.32,491.96,497.58,1019061.0
2020-01-29,497.58,510.43,497.58,502.76,623861.0
2020-01-30,502.76,506.64,489.92,496.99,809937.0
2020-01-31,497.73,501.27,485.59,488.47,700915.0
2020-02-03,470.9,493.8,469.91,486.28,953099.0
2020-02-04,486.83,506.74,486.83,500.07,847450.0
2020-02-05,496.04,516.1,494.8,506.69,1167931.0
2020-02-06,507.79,525.61,507.79,509.03,1540411.0
2020-02-07,511.62,517.54,506.39,515.7,939053.0
2020-02-10,512.77,516.9,481.5,497.09,6078229.0
2020-02-11,490.02,499.13,480.86,489.27,2916081.0
2020-02-12,489.27,492.21,477.12,481.11,2141454.0
2020-02-13,480.56,483.4,472.05,479.96,1175915.0
2020-02-14,482.4,494.2,481.85,483.3,1570830.0
2020-02-17,483.84,486.23,479.12,483.2,960652.0
2020-02-18,479.96,480.51,470.9,478.27,949344.0
2020-02-19,481.11,485.49,475.53,477.92,1174731.0
2020-02-20,476.88,488.72,473.89,482.35,893829.0
2020-02-24,480.41,480.41,456.22,460.25,1341865.0
2020-02-25,455.97,466.62,453.98,462.79,1184693.0
2020-02-26,456.57,463.09,450.64,456.27,1382554.0
2020-02-27,452.68,461.84,448.05,459.55,1190250.0
2020-02-28,448.0,448.0,420.83,433.47,2250396.0
2020-03-02,438.55,464.33,438.05,448.95,1421454.0
2020-03-03,448.0,461.2,435.75,443.85,2683562.0
2020-03-04,438.9,441.9,426.0,436.6,2354370.0
2020-03-05,436.0,443.4,432.1,439.95,1473099.0
2020-03-06,428.1,442.0,422.75,439.4,1385610.0
2020-03-09,418.0,418.0,401.0,412.8,2249529.0
2020-03-11,412.4,412.95,394.0,402.4,2606148.0
2020-03-12,381.2,381.75,363.3,369.15,4375162.0
2020-03-13,332.5,382.0,332.5,378.15,1900915.0
2020-03-16,351.0,378.0,349.2,370.3,1238077.0
2020-03-17,370.0,389.95,350.85,356.85,1538037.0
2020-03-18,365.0,366.5,335.95,347.1,1713773.0
2020-03-19,330.0,334.85,301.5,305.1,3200990.0
2020-03-20,305.0,328.0,292.4,301.25,3649612.0
2020-03-23,279.0,284.0,242.6,245.75,1940415.0
2020-03-24,243.3,267.0,234.2,245.15,3289425.0
2020-03-25,246.65,261.6,237.85,253.65,1436123.0
2020-03-26,255.0,288.0,248.0,283.75,2370269.0
2020-03-27,291.25,297.75,255.4,264.1,1954218.0
2020-03-30,258.7,259.65,244.0,246.35,1963543.0
2020-03-31,249.95,253.55,231.05,234.95,2858267.0
2020-04-01,234.4,234.4,223.25,230.05,3183888.0
2020-04-03,230.0,230.05,215.0,219.65,2286232.0
2020-04-07,224.85,225.2,207.5,218.5,5465734.0
2020-04-08,218.45,261.0,214.6,231.55,5030676.0
2020-04-09,239.8,250.0,235.05,245.55,1893139.0
2020-04-13,250.0,250.0,235.45,239.35,1008656.0
2020-04-15,243.7,253.0,235.05,237.3,1874948.0
2020-04-16,237.3,243.75,229.0,238.45,2238188.0
2020-04-17,250.1,286.0,246.0,283.8,11341585.0
2020-04-20,289.3,295.0,277.4,290.35,6400285.0
2020-04-21,282.0,283.85,256.55,259.3,3072350.0
2020-04-22,255.0,263.35,250.6,256.4,2497060.0
2020-04-23,260.0,271.4,254.25,256.5,3012694.0
2020-04-24,251.1,265.0,251.1,263.25,2241342.0
2020-04-27,268.5,278.85,265.75,271.2,2873596.0
2020-04-28,272.0,277.85,263.3,266.75,1615231.0
2020-04-29,267.5,287.45,265.6,282.05,3470987.0
2020-04-30,290.0,324.35,287.0,309.2,8508735.0
2020-05-04,298.5,298.7,267.9,269.8,3450305.0
2020-05-05,276.0,283.9,270.3,279.15,4391899.0
2020-05-06,279.0,287.8,272.5,284.8,3620864.0
2020-05-07,284.0,292.5,276.4,278.15,2853200.0
2020-05-08,285.7,298.8,277.0,279.8,3936943.0
2020-05-11,280.8,295.9,280.75,286.55,4424434.0
2020-05-12,283.0,287.55,270.1,284.0,2888134.0
2020-05-13,299.0,303.35,282.95,285.3,6278881.0
2020-05-14,282.0,282.0,271.35,276.3,2984629.0
2020-05-15,279.1,280.75,271.15,277.3,3498320.0
